2742,8,0.999939
3743,28,0.600305
5959,28,0.999267
3372,28,0.848482
4406,6,0.625427
3562,6,0.953691
2039,6,0.978373
2260,29,0.998469
4178,26,0.349356
4231,7,0.747822
190,29,0.606016
580,7,0.998506
3929,28,0.973392
2505,11,0.567963
1250,27,0.748471
1569,6,0.999148
2860,6,0.587209
1665,11,0.592823
4047,8,0.999985
1373,29,0.879873
1309,6,0.542135
5489,6,0.980052
2458,6,0.305146
1407,18,0.999691
1855,1,0.998846
2817,5,0.873306
1248,20,0.822508
182,18,0.988693
53,29,0.992266
2926,26,0.973845
5405,18,0.750275
2060,28,0.999427
4334,28,0.84844
3927,29,0.715806
14,28,0.77288
2603,3,0.995502
117,5,0.458838
3935,6,0.689528
5725,6,0.895658
1516,23,0.969809
4949,28,0.592996
4621,6,0.996675
641,5,0.398721
1314,12,0.999187
4429,6,0.609223
2402,26,0.657666
5108,26,0.851024
1564,6,0.999845
2672,28,0.985871
2838,28,0.999695
5881,28,0.895008
661,11,0.72571
5252,29,0.680265
5554,17,0.951881
659,28,0.952705
2346,6,0.683281
5483,26,0.617825
1638,6,0.995521
2031,26,0.412277
670,6,0.946534
2585,17,0.542743
3842,28,0.833352
1698,6,0.475975
2877,6,0.662059
4787,6,0.338713
4803,4,0.216538
5345,7,0.953119
2197,28,0.591466
5249,28,0.515905
3991,28,0.599722
3764,6,0.994675
4308,12,0.96022
2573,6,0.847014
1340,28,0.999394
3642,6,0.681043
1562,11,0.960449
3953,28,0.999973
5583,28,0.500594
555,6,0.999996
4142,28,0.999192
3601,28,0.989996
3191,12,0.919598
1621,6,0.628403
959,28,0.665756
5072,26,0.949609
5634,6,0.431099
2300,6,0.465032
4965,22,0.89003
640,6,0.804689
5167,6,0.929526
4881,11,0.998935
3665,28,0.401282
3930,8,0.90986
164,6,0.998525
2068,5,0.993717
5778,20,0.547655
2911,26,0.655141
4605,4,0.991039
4029,5,0.996472
950,28,0.834038
4775,28,0.989628
4640,28,0.999999
326,6,0.964152
5771,22,0.364245
4229,11,0.680819
5282,28,0.998728
4489,29,0.796536
772,6,0.576537
1689,6,0.57134
170,18,0.673281
4247,20,0.814566
2768,28,0.996582
5911,28,0.671457
5872,6,0.880554
2946,28,0.991118
323,4,0.999833
2414,28,0.994994
4825,5,0.984789
5526,28,0.373281
2080,14,0.784052
4128,4,0.992698
4714,12,0.961027
5846,18,0.998138
5831,20,0.796367
1465,28,0.957677
2958,28,0.656648
3468,5,0.653736
2526,17,0.828991
396,28,0.98882
4477,23,0.674899
2256,28,0.943803
1000,7,0.310247
4649,18,0.996452
1675,11,0.80801
1643,26,0.765702
2705,4,0.999924
637,28,0.997794
3984,22,0.988165
2484,6,0.93904
3386,20,0.971921
5891,11,0.552768
2117,29,0.631724
5091,6,0.980957
919,28,0.999836
4391,28,0.999798
5109,4,0.971804
4891,21,0.43567
3519,26,0.95337
3057,20,0.772581
4459,6,0.627836
3558,28,0.393893
5289,26,0.504971
1848,20,0.512842
1622,6,0.797699
3541,6,0.521922
5980,28,0.920066
4796,6,0.995299
1985,28,0.999961
4991,28,0.666448
50,17,0.452274
1119,26,0.997206
1131,26,0.762267
3761,29,0.868831
3017,29,0.669119
4416,30,0.98757
4774,6,0.929011
554,28,0.686026
1141,11,0.910281
2074,28,0.998595
5283,28,0.795171
5781,28,0.936956
948,6,0.999378
5019,28,0.706281
3973,11,0.850575
5400,27,0.999934
5449,22,0.999457
3803,28,0.947757
1706,4,0.70111
32,11,0.998658
2852,6,0.62697
1538,6,0.995995
1048,28,0.953596
4519,28,0.676567
1657,12,0.696309
483,28,0.634895
4594,28,0.907253
1013,6,0.839713
1317,9,0.691277
4780,28,0.927636
239,6,0.999749
1115,23,0.742383
5278,28,0.939179
4007,12,0.999132
3280,5,0.997492
636,28,1.0
4868,6,0.975801
658,11,0.594885
5436,26,0.573336
1999,23,0.999717
5456,28,0.997475
741,20,0.999747
3114,29,0.993547
5195,6,0.991298
2523,6,0.51282
4623,11,0.833559
2656,26,0.999502
1262,28,0.99741
669,28,0.579729
3240,26,0.999975
3561,22,0.993891
4935,28,0.969822
5777,28,0.980083
3589,28,0.999993
5845,28,0.795637
5619,28,0.982079
543,6,1.0
1145,28,0.698377
609,30,0.999714
2218,28,0.903959
132,27,0.999672
4829,22,0.995873
4413,22,0.997631
251,28,0.998323
1482,22,0.698279
5939,17,0.99649
5344,28,0.598985
1169,25,0.722019
4117,4,0.996868
5557,28,0.99957
1501,6,1.0
365,28,0.681939
2957,28,0.986922
3395,6,0.971072
5591,26,0.999916
2374,28,0.712143
3661,17,0.956142
4434,28,0.507394
1417,6,0.995104
165,26,0.884439
537,16,0.499997
1847,4,0.42637
4908,6,0.99606
1820,6,0.612991
5238,16,0.999809
1344,28,0.999083
871,28,0.933512
2485,26,0.981425
5603,28,0.999912
26,28,0.741956
3605,11,0.929071
1012,20,0.992297
5731,30,0.963112
5340,6,0.850289
407,6,0.999511
4350,28,0.655521
1294,6,0.999545
844,22,0.995345
4213,28,0.991888
775,22,0.701591
4359,18,0.998888
5662,28,1.0
3687,28,0.994741
4365,23,0.999279
5173,12,0.701229
1849,6,0.999946
2980,28,0.999442
160,28,0.938416
4045,1,0.762025
922,28,0.438068
5841,28,0.999919
273,28,0.99066
5584,4,0.786369
958,28,0.993707
1761,16,0.999887
605,27,0.529662
1603,28,0.492407
557,28,0.999998
534,28,0.870984
3928,22,0.99989
2642,6,0.999583
2900,28,0.987799
5829,29,0.761898
2263,28,0.999584
3479,26,0.866885
2896,29,0.922419
3978,28,0.994142
1738,20,0.510073
1594,6,0.964835
3653,11,0.385892
918,28,0.997908
1303,28,0.997153
2674,6,0.630277
533,28,0.910658
5966,5,0.999276
1868,28,0.951808
4771,6,0.48169
3158,6,0.999918
4214,29,0.362259
4840,6,0.862764
1677,11,0.999756
3351,28,0.565876
4396,6,0.988853
3474,26,0.816844
4733,28,0.772919
4837,28,0.866968
3697,26,0.721891
4602,6,0.902175
4261,12,0.503655
3463,6,0.975137
264,11,0.974587
901,28,1.0
3729,28,0.398817
5487,6,0.50034
2878,26,0.998089
1696,28,0.921997
2373,28,0.552992
5977,28,0.999968
5828,28,0.999992
4062,28,0.500594
3195,6,0.873828
3867,6,0.70396
2829,6,0.876721
4735,6,0.349559
854,26,0.817794
3974,12,0.364658
1375,27,0.99918
1645,1,0.999174
3841,28,0.364101
5550,22,0.950202
1366,28,0.864766
439,11,0.884348
1310,28,0.240651
2897,6,0.718519
5469,28,0.99173
1763,11,0.971568
1937,28,0.991929
3880,28,0.731848
3050,23,0.984856
5640,1,0.786369
4655,28,1.0
5560,28,0.997105
2751,12,0.844167
86,27,0.999742
4107,1,0.998058
1514,6,0.957375
4863,28,0.880886
2014,28,1.0
2437,6,0.645404
831,1,0.986791
3549,28,0.997905
1313,6,0.583473
2689,11,0.999995
3155,28,0.58061
2043,29,0.995114
2972,6,0.906327
1225,29,0.552126
2224,8,0.470617
4583,12,0.996432
2132,18,0.715225
3889,28,0.496954
4539,11,0.778224
2139,11,0.397122
5580,1,0.981873
3749,28,0.976139
123,11,0.780216
5719,12,0.982627
4978,12,0.990106
3200,4,0.360232
4279,26,0.935871
355,28,0.707949
3256,28,0.698921
5684,26,0.842265
1178,28,0.415722
3099,1,0.478811
386,27,0.998054
5509,28,0.458458
1358,6,0.669404
4633,11,0.958804
2907,28,0.975526
1320,28,0.635075
1745,28,0.503547
4877,28,0.987306
1019,6,0.994836
3505,28,0.867962
243,16,0.992009
5746,28,0.999717
2933,28,0.846459
1231,28,0.893175
832,28,0.620683
780,21,0.975835
5681,23,0.987333
2867,28,0.999474
2134,28,0.97726
5044,28,0.964452
526,4,0.999604
3995,22,0.486458
3303,30,0.999754
2022,1,0.970211
280,28,0.542604
339,6,0.468997
2472,11,0.815083
5329,28,0.842748
463,26,0.817277
1612,24,0.832703
814,3,1.0
2303,28,0.999985
2928,28,0.998014
3813,6,0.989897
2179,28,0.915621
3091,28,0.711762
1499,28,0.841847
2504,26,0.750883
2237,8,0.830978
2293,6,0.995632
5995,5,0.945409
1480,11,0.973967
3704,23,0.98324
5284,28,0.968963
3227,28,0.958277
1800,8,0.762339
2108,6,0.630642
898,28,0.962741
3715,6,0.947978
5997,6,0.849483
274,28,0.677795
2827,6,0.999554
268,28,0.824742
2948,28,0.648072
5205,7,0.95656
399,11,0.756907
2418,6,0.993256
5231,28,0.99995
4300,28,0.475256
1503,28,0.999998
3870,28,0.977614
5407,21,0.998607
1024,3,0.559017
825,28,0.475299
3648,6,0.383681
1544,6,0.99998
3415,5,0.697761
2839,9,0.995308
3068,22,0.99701
2312,22,0.583794
4298,28,0.967917
3859,28,0.999371
598,28,0.92906
5627,6,0.715398
999,28,0.999825
1988,28,0.999238
4674,5,0.729266
2806,29,0.993492
4112,28,0.687667
2453,8,0.965207
5535,6,0.371869
2114,18,0.91353
2259,29,0.97996
5755,22,0.985347
16,28,0.991402
1804,5,0.995209
5337,28,0.999894
1828,22,0.880074
2330,6,0.999433
5823,28,0.543192
4111,14,0.999123
4667,28,0.916199
19,28,0.925331
3110,1,0.998944
715,28,0.999811
473,23,1.0
176,4,0.999956
2630,28,0.734061
2787,6,0.999856
656,28,0.998199
1796,12,0.779525
3025,19,0.710307
1287,23,0.620616
1129,28,0.672749
3134,12,0.968166
1017,6,0.971166
4988,1,0.802879
5524,26,0.981444
5251,6,0.986565
3021,4,0.750984
3316,28,0.883292
5830,6,0.999961
4056,6,0.994434
2116,6,0.78559
5565,6,0.987021
248,20,0.711593
3129,26,0.988934
4647,27,0.860125
1301,28,0.999942
3416,6,0.966205
3682,28,0.460876
3473,17,0.998709
3418,28,0.984331
1931,26,0.73022
5633,3,0.80424
5062,28,0.555675
3444,6,0.87832
1902,18,0.58743
1121,28,0.997942
2459,28,0.971864
180,22,0.950261
199,6,0.767879
5326,6,0.935037
5573,17,0.373392
4570,28,0.997719
2891,5,0.958012
2351,11,0.999898
783,28,0.998932
71,6,0.419194
4533,23,0.998065
63,5,0.430339
2212,11,0.99322
5492,28,0.712105
5657,19,0.524241
938,14,0.378319
76,23,0.982261
4362,5,0.999451
3259,1,0.890324
2057,6,0.981391
4110,28,0.426832
4847,17,0.967328
5788,28,0.93595
4650,28,0.713435
4794,29,0.65896
2514,26,0.999993
1319,6,0.924882
2195,7,0.997659
650,6,0.949006
864,28,0.942628
572,20,0.999999
857,28,0.74011
5854,20,0.540743
2426,3,0.66521
1740,6,0.993731
5155,6,0.996065
797,6,0.372252
325,28,0.981303
3355,21,0.976457
489,28,0.548966
1614,28,0.981486
2177,6,0.981645
590,8,0.663717
5401,6,0.953904
5868,28,0.999578
977,20,0.978938
1001,28,0.6646
4355,24,0.609387
727,6,0.998491
3384,28,0.999995
804,28,0.989548
3477,28,0.600291
2249,28,0.967053
5946,4,0.949244
388,17,1.0
1998,6,0.752214
4905,26,0.999295
662,22,0.745604
2371,28,0.79746
1401,6,0.577047
1059,6,0.905744
4240,17,0.475585
5717,11,0.674518
1475,6,0.968217
3925,6,0.958913
4692,26,0.998396
2845,5,0.987787
1210,28,0.732845
5347,26,0.823797
1992,28,0.918489
3728,28,0.55028
1661,20,0.992609
2184,28,0.751149
3407,6,0.934632
5501,28,0.842753
3482,26,0.578353
3796,12,0.507519
2003,28,0.983333
1469,26,0.506942
1495,6,0.971027
1528,26,0.985147
4612,27,0.996617
5031,28,0.785977
1720,11,0.982431
3063,28,0.955326
786,29,0.987638
851,1,0.907476
5953,8,0.914361
5571,28,0.900807
5484,28,0.999023
4383,20,0.385402
3326,6,0.9908
978,28,0.973034
1454,20,0.401077
3352,26,0.72408
5992,29,0.790753
932,17,0.985201
2470,6,0.994504
5313,5,0.995073
1901,22,0.955388
4502,1,0.94268
5101,17,0.967798
5225,6,0.67964
5861,7,0.799778
3246,28,0.996438
409,8,0.980422
1546,9,0.624681
5940,26,0.589971
4431,7,0.999833
3999,28,0.680793
5135,28,0.636504
943,19,0.573982
2633,6,0.999435
4518,28,0.876823
1627,22,0.807207
1923,28,0.489768
2364,28,0.977166
4795,6,0.964444
2314,6,0.671643
5724,28,0.998342
5149,6,0.999126
1190,6,0.706074
5933,6,0.879059
4919,28,0.852227
790,28,0.882504
2027,19,0.623356
1904,17,0.720555
3980,23,0.909956
840,6,0.953466
2372,28,0.851091
1238,26,0.963824
1801,28,0.954401
5281,28,0.982542
4099,9,0.697849
5521,28,0.996851
4414,28,0.680895
1856,24,0.999999
4437,6,0.818393
5084,19,0.514865
2120,26,0.778047
719,28,0.992016
5057,28,0.633911
5935,6,0.954549
4196,5,0.532264
4675,11,0.609039
5885,6,0.999995
3773,28,0.456322
2739,20,0.706347
3111,29,0.987104
5491,6,0.811181
896,20,0.755788
4082,30,0.690897
3948,21,0.729007
1685,23,0.952533
2855,26,0.994916
2206,28,1.0
3979,6,0.978073
3786,6,0.78054
3712,28,0.992428
5376,5,0.990338
1619,28,0.99588
5306,6,0.943791
2692,28,0.947341
2580,17,0.655031
486,28,0.63041
5207,11,0.998699
622,5,0.998845
3838,28,0.673479
90,6,0.999612
3964,28,0.656051
5393,7,0.997907
1268,28,0.807396
5988,6,0.595589
3856,26,0.921183
4544,6,0.712292
3364,4,1.0
540,6,0.663835
969,11,0.891802
1037,29,0.528325
2172,4,0.99353
5950,28,0.735718
612,7,0.610163
3920,23,0.41004
403,28,0.969814
3748,17,0.751512
3630,28,0.901476
4884,28,0.825528
5063,7,0.6044
5711,17,0.996837
1678,28,0.999898
73,22,0.999704
4162,28,0.997435
4811,16,0.999794
200,28,0.571448
2440,28,0.557986
3329,28,0.997624
5427,5,0.734919
5877,12,1.0
1613,28,0.416684
4951,26,0.999666
1034,22,0.806462
5757,6,0.770725
2572,6,0.982284
314,28,0.571684
3506,28,0.484797
5373,9,0.999887
3467,12,0.993618
2338,28,0.673269
3232,4,0.991022
1213,28,0.694187
4770,6,0.993121
3596,26,0.967734
2138,11,0.999936
4861,28,0.925993
892,28,0.99991
2570,5,0.62817
5411,28,0.957748
2513,28,0.965033
2682,28,0.983716
5033,23,0.881983
697,11,0.667704
878,6,0.977057
1785,30,0.999982
95,6,0.944339
2488,17,0.972515
5713,28,0.694679
2597,14,0.93481
1560,17,0.787811
4394,28,0.454355
906,28,0.489817
924,27,0.999873
582,28,0.989593
5636,28,0.959763
194,28,0.877935
5003,28,0.98316
5804,28,0.964429
3461,28,0.999601
1436,22,0.857386
346,6,0.981251
5563,30,0.999854
2924,28,0.999785
1285,6,0.917538
1466,22,0.56644
3123,26,0.781001
3623,6,0.995404
5027,11,0.90418
5879,28,0.999931
5632,6,0.999998
2251,28,0.274908
4680,29,0.797225
1351,6,0.295656
2906,11,0.795579
3760,28,0.93984
297,17,0.923777
3413,6,0.727121
3548,28,0.554458
5274,28,0.912776
2279,26,0.406873
4075,7,0.999768
4960,28,0.996676
3581,22,0.564837
1535,11,0.996322
2354,30,0.999627
3030,28,0.592775
1416,6,0.591148
627,29,0.974342
4071,11,0.971431
4845,11,0.507369
234,12,0.999934
880,20,0.971152
5661,28,0.915539
5410,29,0.762452
5163,1,0.498027
2889,28,0.994561
5261,28,0.999992
3322,28,0.999771
3776,26,0.999973
1321,28,0.99032
4566,28,0.9959
2278,6,0.35461
2983,30,0.861376
3499,5,0.999726
3858,28,0.465001
2048,28,0.860351
352,28,0.951903
4828,6,0.999811
2476,28,0.976849
5364,28,0.985039
525,29,0.988557
2581,18,0.96918
3127,6,0.966206
3234,12,0.999935
701,16,0.985584
3211,20,0.864081
3797,6,1.0
4227,28,0.850091
4041,6,0.983781
5415,22,0.851121
2940,26,0.735402
4345,7,0.992772
4077,28,0.715855
2252,6,0.998215
2696,26,0.947078
2380,5,0.491071
3772,11,0.94746
1718,6,0.548589
811,26,0.745079
2410,6,0.940505
3746,28,0.892163
5140,8,0.999968
3043,20,0.998302
5121,5,0.410741
3533,28,1.0
5413,28,0.936237
5088,7,0.799511
2297,28,0.980566
133,6,0.999137
747,28,0.940814
2781,11,0.98799
4336,28,0.982051
3698,1,0.492126
1976,11,0.456931
1968,6,0.784998
1721,30,0.999886
1754,26,0.586705
2699,23,0.998129
5341,28,0.697597
4695,21,0.980771
1687,28,0.999498
3306,28,0.569106
2245,6,0.998752
445,6,0.99998
883,28,0.986045
1550,29,0.983256
1701,28,0.979222
2230,28,0.798268
344,20,0.991134
1580,20,0.69746
1862,11,0.4259
2463,4,0.985497
5748,23,0.999567
2216,28,1.0
2154,6,0.966254
2661,22,0.99996
762,28,0.999878
5722,6,0.792457
1070,6,0.507153
1128,20,0.903789
2163,6,0.999982
389,28,0.979987
5287,6,0.999956
3377,22,0.949804
3535,6,0.814081
1455,26,0.916697
2131,6,0.757339
1382,7,0.924933
4946,6,0.647012
5470,6,0.999976
1086,28,0.970669
4401,6,0.999721
1543,20,0.891297
103,16,0.564439
2868,7,0.488529
3086,28,0.99787
4802,6,0.968702
3448,5,0.994533
3763,22,0.607657
536,4,0.841811
5562,28,0.953763
2620,28,0.999966
5462,28,0.99826
5851,30,0.580132
654,17,0.999964
145,4,0.410512
3517,4,0.972358
3890,28,0.362193
782,11,0.883938
4054,6,0.446282
1245,30,0.980911
1189,28,0.740388
5406,26,0.620624
2429,11,0.62387
3886,7,1.0
2554,28,0.998494
5522,6,0.996238
4571,12,0.823142
2075,26,0.999256
1434,28,0.829945
384,28,0.918675
1369,5,0.591417
2733,4,0.473923
1876,4,0.408554
275,28,0.526825
1924,29,0.551977
926,6,0.82615
3137,28,0.821776
2649,23,0.350108
2416,9,0.822784
881,21,0.71431
4089,3,0.959673
5617,11,0.899381
3182,12,0.525463
755,11,0.738323
2296,26,0.487029
5760,23,0.89242
1592,12,0.84862
3323,17,0.773558
3192,28,0.994196
1724,22,0.313843
3387,11,0.772712
1642,28,0.999616
3462,6,0.944242
5689,28,0.885935
380,6,0.888802
2936,6,0.491964
5440,14,0.779607
2686,28,0.999983
931,4,0.204203
5268,3,0.592277
3450,27,0.337705
1635,25,0.948915
4593,17,0.824893
4177,4,0.999088
1327,12,0.57364
1799,29,0.461539
12,6,0.97449
104,6,0.986266
4435,28,0.98207
2208,28,0.970547
4821,20,0.882553
2021,23,0.861979
5727,26,0.878984
4880,6,0.43459
565,7,0.91559
10,28,0.998813
5189,20,0.94267
2657,24,1.0
4575,28,0.995844
328,28,0.919053
2894,12,0.86426
4149,6,0.794313
4747,26,0.933595
542,11,0.999525
1593,16,0.941316
126,23,0.99971
1898,6,0.999937
3547,28,0.992974
5663,28,0.999575
1572,23,0.617692
5585,28,0.974008
837,6,0.854366
3936,12,0.9794
4706,26,0.999803
3370,1,0.844343
1147,30,0.999963
1275,22,0.998676
1138,28,0.855458
2111,29,0.982626
2222,28,0.748257
750,23,0.564396
2327,6,0.786301
2760,7,0.994627
4392,12,0.92503
3000,6,0.984681
2248,28,0.987818
1058,6,0.999389
5085,28,0.829915
821,4,0.338131
1339,28,0.996421
4361,6,0.999443
1558,28,0.752476
1939,16,0.624206
1722,6,0.882807
2668,12,0.942722
4599,6,0.636814
2081,28,0.782044
72,26,0.715895
2405,11,0.981089
5494,4,0.999986
1591,6,0.99928
2956,28,0.999992
462,28,0.999992
962,12,0.786565
625,11,0.97002
2310,30,0.334048
1173,16,0.973989
3048,6,0.9955
1666,21,0.912369
5714,6,0.999919
2004,6,0.76256
453,22,0.999569
3164,28,0.970127
5857,26,0.957366
1490,5,0.905497
1451,28,0.280299
1217,29,0.537769
2831,6,0.859005
1229,21,0.680003
794,4,0.60371
3670,4,0.688942
4920,28,0.994827
1014,5,0.666349
488,20,0.991169
348,28,0.999762
2609,6,0.993564
4516,6,0.999999
4015,28,0.994555
3954,6,0.999945
2151,29,0.993705
4762,28,0.999845
787,28,0.970803
4289,4,0.853163
438,17,0.396961
4476,28,0.507336
574,23,0.761503
1802,22,0.645982
3062,28,0.998625
1254,28,0.554455
4548,6,0.983139
3508,12,0.989098
1606,29,0.676002
4203,6,0.99864
3750,22,0.935813
2772,28,0.737527
5363,17,0.591435
1817,20,0.971219
5013,6,0.956481
5570,11,0.785884
3740,6,0.965946
2650,28,0.50088
2675,29,0.950051
908,6,0.612066
4478,11,0.999132
1060,17,0.74778
3550,26,0.990205
18,28,0.486637
5115,14,0.411295
5394,12,0.871876
4182,11,0.590044
2091,17,0.870278
124,26,0.657208
2622,26,0.795448
5412,28,1.0
5430,28,0.928448
260,18,0.597717
5050,6,0.882262
2541,12,0.99968
4567,6,0.990152
5750,28,0.869979
237,26,0.776135
5380,4,0.456281
3594,6,0.649395
1602,28,0.943558
5219,28,0.620314
4654,12,0.313089
3706,27,0.882339
3975,28,0.992401
3812,6,0.986134
4817,28,0.929095
3023,28,0.861063
2023,26,0.998482
5870,6,0.999865
3118,6,0.965033
3756,28,0.533545
2191,6,0.604429
5659,29,0.750343
1536,6,0.901992
2190,25,0.999994
911,28,0.620241
4538,11,0.656578
1492,8,0.538477
1598,29,0.891136
3353,28,0.697649
1021,13,0.98495
3291,12,0.460177
1091,26,0.902362
2025,22,0.99989
4013,28,0.539446
751,4,0.586686
1457,28,0.52721
1610,1,0.889165
853,28,0.984505
400,28,0.896794
3815,5,0.497344
5368,6,0.946747
410,28,0.539746
493,3,0.941484
3120,6,0.354761
5568,27,0.989232
2969,11,0.975551
242,4,0.610349
4833,28,0.630625
221,20,0.460478
3970,6,0.992125
3402,6,0.956512
3374,6,0.605188
5712,30,0.700954
3845,28,0.958464
5299,28,0.489336
3863,21,1.0
1688,29,0.992356
5309,12,0.993991
3591,28,0.998
1962,28,0.747464
1444,6,0.994426
3170,11,0.99122
8,28,0.994706
3003,28,0.986006
447,5,0.762682
3646,8,0.99995
1777,5,0.542504
1944,28,0.976141
1100,1,0.94044
1981,29,0.99992
4788,22,0.999025
3734,12,0.970301
5833,30,0.991239
2685,28,0.949415
5574,5,0.963068
4866,28,0.955709
347,22,0.398592
163,21,0.936808
2821,6,0.985078
3951,28,0.972166
2445,17,0.881723
988,28,0.978989
5441,28,0.501202
3575,4,0.995735
5850,22,1.0
2403,6,0.999222
5421,12,0.993058
312,22,0.666387
860,28,0.99843
2204,28,0.71395
3440,28,0.974739
1582,28,0.75394
2480,6,0.984584
299,11,0.992334
2925,28,0.998168
3371,12,0.927169
1096,28,0.629083
2076,1,0.699749
5622,7,0.996969
3650,27,0.928571
5559,28,0.63173
5866,6,0.998744
1257,5,0.955445
1423,6,0.365392
3426,28,0.98337
2466,28,0.296979
2088,12,0.999972
2389,28,0.962806
5497,26,0.979847
5190,28,0.993579
5316,28,0.977845
1006,29,0.999983
4202,28,0.992208
5276,23,0.864014
1601,28,1.0
4103,6,0.992295
1515,12,0.988715
2979,28,0.999995
4973,26,0.999651
202,28,0.942121
183,6,0.999719
5495,28,0.999708
714,28,0.75343
3801,12,0.35833
4608,21,0.987709
1881,5,0.850999
1180,1,0.79685
3536,23,0.991186
2210,20,0.993948
1355,19,0.853879
5065,1,0.477743
4225,18,0.482681
4340,11,0.492054
4325,28,0.453569
5791,6,0.953346
594,28,0.496272
5604,11,0.819339
3283,26,0.316273
4921,29,0.958071
5117,28,0.883969
4091,28,0.99995
1956,22,0.463536
5420,6,0.310057
467,28,0.405467
5418,12,0.799078
4658,11,0.844763
4263,6,0.703101
2773,6,0.994841
2059,6,0.386478
3564,29,0.993697
759,28,0.817384
4159,28,0.679369
4332,11,0.972552
3135,5,0.999877
1575,26,0.550975
1398,23,0.958948
4433,17,0.810906
1781,6,0.508745
5493,7,0.980522
1199,28,0.997829
2342,28,0.958756
3962,26,0.917677
4551,28,0.999305
335,28,0.609706
4374,27,0.306955
5954,20,0.888772
3903,6,0.487956
4257,27,0.393384
3453,6,0.999959
2137,8,0.982753
377,28,0.99999
3568,28,0.980099
613,1,0.827178
2126,28,0.834985
5111,1,0.771796
1102,23,0.946462
3835,17,0.849926
1049,6,0.940225
5024,20,0.997123
502,28,0.970841
2242,28,0.491328
324,6,0.836412
5917,28,0.333772
5191,6,0.745525
2965,6,0.995226
5170,16,0.999998
3260,29,0.999998
5433,6,0.999949
29,5,0.744524
230,11,0.344464
3225,7,0.947882
2636,28,0.958976
2270,28,0.666731
5165,28,0.964431
4104,6,0.999991
3287,29,0.948946
675,6,0.446385
5336,28,0.929281
585,30,0.583585
4865,6,0.995874
4372,11,0.99549
2461,22,0.969517
3627,16,0.936604
960,28,0.88984
2381,17,0.99956
3152,28,0.383442
2078,28,0.968096
2881,28,0.426052
4587,6,0.987514
2152,6,0.999821
5153,28,0.977866
4702,4,0.999998
2433,22,0.885454
4781,11,0.997113
1259,28,0.999993
4068,26,0.999886
2614,28,0.855096
2142,5,0.998784
3380,28,0.999999
2149,28,0.819294
4226,18,0.972145
4403,29,0.330598
3957,29,0.989855
808,28,1.0
5476,28,0.958068
4669,8,0.391037
1979,23,0.962989
4327,26,0.735739
1462,11,0.995488
879,28,0.32551
5606,8,0.889057
4386,6,0.723759
5741,28,0.377974
5259,11,0.8608
778,28,0.999733
5624,6,0.543214
2616,11,0.962018
1445,6,0.507396
2145,28,0.673772
3590,12,0.99282
2628,6,0.999963
3325,28,0.993486
2583,30,0.98577
524,6,0.873957
5897,28,0.999558
2302,28,0.373595
5527,6,0.803317
1537,23,0.823508
4348,8,0.999999
1641,28,0.971438
358,28,0.996371
2869,28,0.567989
4102,6,0.891287
4173,26,0.786525
3179,23,0.94625
5467,6,0.88375
4347,6,0.797061
3676,29,0.720071
3026,26,0.970211
5224,28,0.992846
156,14,0.978224
3391,5,0.629164
1700,6,0.979383
618,26,0.98128
4659,6,0.898765
3294,28,0.933935
865,28,0.585694
3069,28,0.97662
2724,4,0.630033
143,14,0.416704
5652,28,0.999815
2036,6,0.380922
2046,29,0.835058
2092,30,0.993116
5590,28,0.929573
4085,6,0.995554
301,6,0.993618
1903,28,0.997897
3315,30,0.530148
4976,28,0.999985
2456,28,0.846386
812,6,1.0
1753,28,0.943179
568,26,0.990019
5993,5,0.592023
2449,6,0.501521
5097,18,0.806439
468,28,0.958163
2183,28,0.950007
2989,22,0.998166
2664,28,0.999943
4907,28,0.356506
1719,28,0.995258
5060,23,0.999926
1187,28,0.783416
2158,6,0.972718
5211,15,0.999584
981,20,0.928882
5700,28,0.999559
3679,6,0.630472
4181,28,0.564681
1159,28,0.609224
3108,11,0.638022
4457,20,0.948716
3464,28,0.396537
5903,19,0.996339
4076,21,1.0
740,28,0.998537
464,28,0.730489
2378,7,0.999643
1389,28,0.797764
4458,6,0.570148
1449,28,0.986618
839,28,0.999944
2792,22,0.999601
4584,23,0.989268
3554,29,0.638216
5611,6,0.817277
3349,24,0.94027
317,28,0.974216
1983,28,0.570099
3780,26,0.343447
4874,29,0.788051
668,28,0.434835
168,23,0.853335
4167,28,0.998807
1420,28,0.99993
5006,28,0.817915
1707,28,0.999969
2575,29,0.634431
5454,6,0.986262
2181,8,0.677475
712,6,0.952439
1116,28,0.506285
819,1,0.9474
51,29,0.984103
3483,28,0.998763
785,28,0.746605
4108,28,0.520112
4742,12,0.438356
917,18,0.916641
2545,28,0.776686
5439,18,0.973351
974,1,0.403346
1987,7,0.989779
5357,28,0.999306
4789,6,0.937612
5541,11,0.47266
5734,28,0.994831
5177,6,0.700237
2805,6,0.995601
5279,28,0.99606
4132,23,0.961967
4998,22,0.877248
522,11,0.816962
4138,11,0.999947
3921,28,0.926199
2644,6,0.617411
1251,28,0.824884
2223,6,0.708778
4135,26,0.708428
5166,28,0.997856
1633,28,0.668444
4081,6,0.600961
4074,28,0.977796
3393,26,0.82858
3611,28,0.604001
1380,18,0.548228
1733,8,0.999208
3187,28,0.994442
5769,22,0.991765
2643,28,0.944263
1681,12,0.32246
4773,28,0.987205
5531,12,0.970622
2618,1,0.883265
3940,6,0.761162
3833,29,0.999954
425,22,0.962207
4661,12,0.69467
5794,26,0.894508
1392,24,0.844248
4264,28,0.862423
3956,28,0.997966
5899,21,0.559263
1533,28,0.999991
161,28,0.5366
1825,6,0.635813
2750,28,0.999899
2683,28,0.852989
1585,7,0.980893
2574,28,0.90007
4613,21,0.93647
4000,28,0.462948
5203,4,0.358862
893,14,0.999996
3787,28,0.555648
4772,28,0.974913
5967,28,0.63587
158,23,1.0
1194,6,0.997264
4871,6,0.517686
5107,6,0.482238
1708,6,0.979655
204,28,0.789518
2735,18,0.982707
5426,6,0.999985
1477,28,0.996782
2875,7,0.976011
4321,20,0.965748
4535,28,0.907422
4619,11,0.994766
2658,8,0.620181
4940,6,0.977182
527,28,0.978475
1095,20,0.942722
873,6,0.863927
5566,26,0.702566
4216,28,0.943202
2681,28,0.999833
5070,28,0.999994
4632,8,0.996436
3400,28,0.99708
3082,16,0.978724
3189,30,0.771708
1774,6,0.939544
1527,6,0.917695
2566,6,0.996923
1027,28,0.968969
710,23,0.809903
2874,11,0.672983
916,18,0.740823
2515,28,0.991014
1391,12,0.999899
4886,28,0.598302
1007,30,0.562233
3551,28,0.975358
2045,28,0.606873
41,28,0.998217
3288,28,0.976362
2207,12,0.962387
3865,28,0.999991
3310,26,0.951228
3382,22,0.888357
5408,29,0.993275
1075,18,0.974353
5517,26,0.699357
1163,6,0.9893
3553,20,0.999432
4418,6,0.996265
2020,6,0.99274
1869,28,0.98008
5826,28,0.661538
2411,28,0.725936
2388,6,0.353086
900,8,0.948716
5320,28,0.974239
2423,6,0.533322
2477,6,0.371365
3604,7,0.894969
3828,26,0.888453
4898,28,0.470482
3765,6,0.950195
1378,17,0.497048
2799,6,0.837851
31,22,0.63147
771,6,0.987907
5994,28,0.427463
861,6,0.89237
5875,4,0.99983
3752,28,0.999961
1220,28,0.589621
4515,6,0.999147
3059,28,0.857157
371,20,0.47681
129,11,0.970841
2961,28,0.992231
5506,28,0.693283
4705,26,0.995387
3470,28,0.984367
3659,28,0.983511
252,6,0.993869
4194,28,0.990074
1151,28,0.599514
2744,6,0.783623
685,20,0.979
5682,28,0.852413
4027,23,0.800949
310,28,0.96429
5936,20,0.539997
3173,6,0.959175
3472,28,0.666628
5262,14,0.999978
356,28,0.666697
3245,11,0.989484
4682,28,0.239019
2299,30,0.473141
5197,27,0.510046
1539,21,0.450732
5598,28,0.999961
127,28,0.995955
3522,26,0.915235
5242,12,0.342972
2419,6,0.692675
4358,28,0.794952
2551,4,0.964021
2970,4,0.70658
2053,28,0.466109
5004,6,0.62616
1435,6,0.986337
910,9,0.33898
2201,28,1.0
4958,28,0.832829
500,18,0.9186
5118,24,0.982582
4842,1,0.732773
4039,30,0.952541
509,30,0.999976
4049,28,0.984079
1201,28,0.683563
1835,1,0.754472
4275,28,0.722743
1703,23,0.937728
68,28,0.836934
3901,29,0.453227
4630,6,0.9693
947,9,0.807715
3806,26,0.998498
3034,20,0.981485
2728,22,0.996702
5505,28,0.999657
3770,28,0.812151
1074,11,0.499041
3793,8,0.775322
3959,4,0.99735
4820,28,0.996217
5349,28,0.938285
2826,28,0.853401
3826,6,0.583975
3516,26,0.996759
4127,28,1.0
2726,28,0.982582
1122,28,0.952855
3557,28,0.782706
1249,28,0.687918
933,29,0.929451
2019,1,0.94951
1600,6,0.551756
2916,6,0.999036
5965,28,0.954277
459,6,0.935711
4063,23,0.82463
990,6,0.887399
2919,29,0.999997
3739,28,0.516868
5925,11,0.725775
539,12,0.990398
4552,28,0.999391
3337,20,0.855038
634,28,0.999825
2066,28,0.492613
720,6,0.977182
807,28,0.870813
4983,12,0.662072
4508,28,0.575328
1158,6,0.800321
5136,28,0.99763
5818,12,0.925354
4252,4,0.793961
5687,28,0.999941
4189,5,0.715649
1343,17,0.999959
562,20,0.590691
5143,28,0.967933
973,26,0.978886
1236,21,0.760039
1299,27,0.999714
2167,28,0.677915
722,28,0.665358
1337,7,0.679472
1793,12,0.806829
3837,4,0.601588
3011,28,0.849309
4744,29,0.773469
5912,6,0.489744
905,28,0.998433
5618,29,0.999965
4756,28,0.854028
3065,6,0.995318
3733,4,0.696491
975,17,0.635822
3481,26,0.985551
5569,28,0.873676
1908,26,0.999961
5614,28,0.737085
4922,28,0.97424
1583,28,0.99849
4969,22,0.820406
591,28,0.999938
2663,11,0.996632
5160,26,0.566775
4603,28,0.981569
1356,12,0.736732
583,28,0.999686
2607,28,0.907281
3645,28,1.0
985,28,0.605572
2990,30,0.364101
4412,22,0.908993
2122,23,0.869031
5964,1,0.87861
3422,18,0.891466
3445,14,0.805329
381,6,1.0
4534,28,0.278597
5271,28,0.960354
3197,26,0.89025
186,30,0.829419
2974,28,0.973749
1879,28,0.992297
5083,4,1.0
5855,28,0.53849
955,6,0.93032
684,8,0.676647
939,18,0.999452
1386,28,0.70822
4217,23,0.961679
2542,28,0.999998
3610,22,0.792932
2202,4,0.525285
3067,28,0.751051
5944,28,0.882339
2365,28,0.90355
5679,12,0.578687
3435,30,0.999994
4852,28,0.751546
1271,20,0.80826
5616,1,0.999989
5674,6,0.430691
2272,6,0.503655
4673,6,0.99818
4487,23,0.957115
4782,12,0.99974
1270,28,0.382137
1766,11,0.672507
4184,20,0.951996
5726,1,0.486741
4066,6,0.999963
1660,28,0.812055
3106,11,0.94816
3087,28,0.890864
1521,23,0.623272
5338,5,0.925476
415,6,0.968337
2286,8,0.999981
5300,29,0.654142
3300,28,0.991462
4843,11,0.936092
87,26,0.930125
4740,11,0.934021
1826,28,0.978295
966,6,0.799266
3060,18,0.818493
3489,6,0.999032
5648,28,0.643251
1240,18,0.928293
411,6,0.999474
5974,28,0.724717
1782,26,0.997543
5473,20,0.999274
4927,22,0.985562
2211,28,0.874323
979,28,0.994746
5385,28,0.991058
2035,30,0.988226
418,28,0.97157
2511,23,0.978453
387,28,0.989019
3891,5,0.999981
2778,28,0.7242
4020,6,0.999774
4234,22,0.414981
437,28,0.996019
2832,23,0.997947
100,20,0.417966
3457,4,0.41896
5144,6,0.989893
5654,6,0.999957
494,28,0.999984
3633,28,0.873969
6000,6,0.994488
429,28,0.604348
2902,11,0.994766
1226,28,0.999651
4929,28,0.759083
3248,29,0.907515
940,6,0.984572
3488,30,0.934653
2001,4,0.760339
2749,28,0.509256
5459,28,0.767325
1716,29,0.976199
5150,6,0.99993
3710,5,0.919452
2802,6,0.729083
2494,6,0.446506
5358,17,0.962585
4137,28,0.99646
1839,22,0.72139
4058,27,0.988251
3160,22,0.928862
5216,28,0.91928
2864,6,0.682781
292,30,0.483803
930,21,0.685488
1367,29,0.566093
5324,6,0.37677
3132,25,0.857962
3907,17,0.851034
5321,28,0.726063
869,26,0.934764
2918,3,0.514297
1085,28,0.563476
2945,28,0.656905
2941,1,0.698474
5479,28,0.969668
1422,28,0.891869
5416,6,0.693088
4882,6,0.503851
5502,6,0.996343
566,28,0.358081
5631,23,0.999262
4473,22,0.63462
4206,28,0.33095
236,17,0.836302
5800,8,0.587555
2825,6,0.843485
1531,23,0.50032
2318,7,0.837355
793,28,0.989292
5745,28,0.86512
1573,28,0.309436
3125,28,0.982944
229,11,0.528399
1771,12,0.93744
4301,28,0.411978
796,19,0.994288
4758,6,0.739007
4805,28,0.995736
5666,20,0.889614
4260,4,0.988786
5169,28,0.979077
5503,6,0.988434
2253,6,0.33932
1921,6,0.49302
3668,14,0.999793
2952,16,0.55284
1623,26,0.997432
5655,17,0.73827
2341,9,0.999947
5871,28,0.268752
5481,29,0.982035
119,28,0.982535
1590,22,0.984975
147,6,0.999952
3161,28,1.0
2173,28,0.992436
3159,28,0.867118
3725,7,0.982467
1384,6,1.0
4357,6,0.426117
1791,6,0.711036
5699,8,0.357796
3052,28,0.993461
4121,28,0.503594
3976,30,0.720396
4114,28,0.912613
5665,28,0.948353
4687,6,0.460282
2168,11,0.373037
3737,11,0.929086
5102,6,0.94002
1626,28,0.53342
4415,28,0.795729
3875,28,0.396445
3077,6,0.981582
266,28,0.390354
1900,26,0.942154
4641,20,0.925126
2959,30,0.841939
3203,28,1.0
4183,6,0.996549
5893,6,0.943709
1230,6,0.979685
5455,28,0.938551
541,28,0.596334
2569,28,0.98876
1948,28,0.952704
3076,28,0.999124
390,28,0.808615
2337,26,0.955596
423,11,0.69514
2615,11,0.716606
3628,3,0.998779
1461,6,0.99973
5564,28,0.988867
3126,5,0.999975
2966,6,0.99735
5890,28,1.0
3124,28,0.973414
2951,28,0.9764
1950,6,0.999783
1030,28,0.572884
253,6,0.498803
3509,29,0.964348
272,18,0.861354
3136,6,0.788126
3754,19,0.998079
5017,9,0.954666
2274,12,0.955038
2328,18,0.999832
472,6,0.625954
4385,29,0.721523
5068,28,0.972179
4037,26,0.492662
2872,28,0.990509
3139,28,0.999919
2095,28,0.658442
1615,29,0.687011
1063,28,0.986522
1809,11,0.975348
1563,28,0.994393
1459,28,0.54206
1139,6,0.641683
5360,6,0.999985
307,5,0.999894
5514,22,0.999925
647,6,0.750715
6,6,0.974727
4572,26,0.472151
4961,6,0.77769
5721,1,0.978803
2285,6,0.382697
4287,4,0.999075
4730,29,0.741908
5863,17,0.993199
693,6,0.994141
4139,30,0.944262
1029,28,0.372373
4719,23,0.819097
3588,11,0.997662
5026,28,0.337315
5798,12,0.661839
4867,6,0.817634
345,28,0.607545
1092,29,0.999073
142,28,0.987748
4494,17,0.970886
2479,6,0.5
1222,11,0.473946
1927,12,0.662259
802,7,0.521263
3981,26,0.763891
2722,28,0.980495
1889,8,0.997404
3583,11,0.999999
4012,28,0.999839
2579,28,0.995245
2287,25,0.783216
3449,22,0.945904
428,11,0.313448
4230,12,0.641381
5468,6,0.703803
5814,6,0.667348
2676,29,0.994204
5986,7,0.999994
3010,28,0.913396
5533,6,0.506887
4930,28,0.962004
4150,28,0.686879
1056,20,0.988299
2446,28,0.96021
2608,28,0.95721
235,6,0.990532
4129,26,0.699918
2737,26,0.99948
306,28,0.70485
1838,28,0.71523
5055,6,0.908613
2333,18,0.679563
4122,17,0.531782
1113,11,1.0
4024,28,0.711313
996,6,0.929288
1388,6,0.97814
3165,12,0.496803
1411,5,0.390685
4148,23,0.955846
5086,17,0.393608
5561,8,0.550584
2112,6,0.921972
2740,6,0.924812
378,28,0.496847
487,26,0.968519
1899,28,0.606751
4741,28,0.973404
4044,5,0.871765
1973,7,0.876916
3412,29,0.999767
5733,28,0.983801
4549,22,0.997387
2527,28,0.850156
4448,6,0.97124
470,6,0.947504
711,26,0.503044
4729,29,0.930073
4398,6,0.833802
2362,28,0.977094
691,26,0.973347
5444,28,0.837187
1379,26,0.684357
21,28,0.998995
2238,28,0.992067
4238,29,0.796954
3157,11,0.654586
45,28,0.957997
2228,26,0.444482
3613,29,0.997647
5464,5,0.602185
4985,28,0.587779
4999,28,1.0
1316,6,0.528591
4791,28,0.546423
4115,28,0.993547
4651,6,0.994372
227,6,0.563987
3408,14,0.990892
2942,6,0.93831
5171,28,0.988427
3521,28,0.998888
4761,16,0.979331
3967,1,0.998347
2586,22,0.999251
5475,28,1.0
3781,6,0.523595
519,17,0.970437
2385,16,0.649051
3672,28,0.548255
2265,29,1.0
2478,6,0.999893
3924,28,0.980409
1704,12,0.945941
5409,6,0.403632
4375,1,0.965906
5352,6,0.984984
1166,28,0.79813
4064,28,0.711611
573,16,0.957396
1046,27,0.648035
329,21,0.983157
2135,5,0.996788
3785,28,0.876342
5643,17,0.998208
3410,28,0.741498
834,11,0.632681
1136,15,0.61875
2837,29,0.99521
5886,6,0.999998
1079,28,0.593587
733,6,0.938163
2669,28,0.536136
1025,5,0.920058
3036,8,0.99053
3727,18,0.720096
3992,22,0.940083
4297,28,0.987475
4095,28,0.856008
131,28,0.858501
4262,29,1.0
4212,28,0.999934
4469,6,0.999856
1954,11,0.90785
3695,28,0.498793
1604,4,0.688404
3652,20,0.555185
2654,6,0.995056
2822,5,0.831895
327,28,0.852637
2679,26,0.975779
5453,28,0.495421
3177,22,0.430602
3098,6,0.907105
2011,21,0.855143
3730,17,0.996249
5181,7,0.848423
2830,28,0.995345
501,28,0.99952
5586,6,0.54103
3430,28,0.998193
4812,4,0.999787
3862,26,0.941592
843,4,0.942119
4792,27,0.936833
2156,29,0.999892
4245,28,0.745098
3009,28,0.913804
2552,5,0.592188
52,17,0.998341
2684,26,0.927359
3958,17,0.9292
4569,6,0.840814
3258,26,0.998176
518,26,0.660794
98,28,0.441592
3669,11,0.840069
5082,28,0.956318
5515,20,0.371719
4285,29,0.999142
5402,28,0.513239
3527,23,0.529729
1744,28,1.0
4635,28,0.999998
113,22,0.993227
4100,27,0.937251
4053,5,0.780341
626,28,0.547858
904,20,0.644232
4451,14,0.737556
2100,6,0.952287
884,28,0.975399
1204,28,0.993973
4952,28,1.0
4586,28,0.912658
4481,5,0.999988
5923,26,0.999988
5915,28,0.50873
1331,26,0.999961
5626,28,0.438258
964,28,0.992634
1863,29,0.931594
5176,6,0.343657
3438,26,0.918046
3181,6,0.997379
3523,26,0.814679
5629,28,0.749406
1267,7,0.528027
1743,6,0.999998
1668,28,0.990243
4337,6,0.649939
3913,29,0.996194
2734,11,1.0
2349,28,0.756535
5587,28,0.995583
2915,17,0.946007
1425,28,0.999998
4939,22,0.696304
1197,6,0.999533
770,22,0.257863
4273,23,0.496801
5322,28,0.984104
3037,6,0.517338
3968,26,0.480388
2054,11,0.531342
4668,28,0.989774
1789,26,0.769828
5767,29,0.534065
1097,28,0.61966
2797,23,0.946655
2182,23,0.975035
1712,5,0.99945
284,28,0.995514
1196,22,0.495411
1191,6,0.994685
3501,28,0.679456
1152,28,0.978652
5323,28,0.83877
4498,28,0.570401
1561,7,0.992547
3689,20,0.80068
1852,6,0.455223
151,6,0.967261
5898,22,0.886413
687,28,0.869822
5956,28,0.939
737,16,0.998753
3093,28,0.908385
3439,5,0.577808
3804,29,0.999982
4972,6,1.0
3742,28,0.914366
1033,28,0.967072
5553,26,0.810251
3276,28,0.864783
623,6,0.913032
3847,19,0.560172
735,29,0.68012
1725,11,0.771305
2595,23,0.493301
3350,11,0.726883
2720,28,0.942753
5327,5,0.876832
4752,6,0.999421
663,28,0.868651
192,12,0.936862
3013,28,0.603379
5237,28,0.65239
504,11,0.817384
4291,28,0.350115
4369,26,0.967272
2677,28,0.884607
5664,28,0.448832
360,18,0.996881
705,28,0.997428
3243,28,0.99824
1815,6,0.441415
1783,17,0.795437
5998,28,0.440992
4311,23,0.878935
4899,8,0.991078
1824,28,0.998967
5463,6,0.55721
2443,11,0.753309
936,12,0.999972
845,28,0.999583
2471,28,0.99953
1453,12,0.99999
1084,28,0.928042
4854,28,0.997662
3486,22,0.753354
2280,28,0.732943
1035,6,0.999973
2820,26,0.999278
5053,6,0.866472
5892,4,0.8969
3015,14,0.933668
5192,28,0.534184
3498,26,0.944177
989,6,0.998265
363,8,0.944693
2192,6,0.614234
4452,28,0.825847
2843,24,0.999998
1472,20,0.99095
5942,28,0.606846
702,12,0.932031
5596,22,0.819115
1888,8,0.997377
4456,6,0.553406
478,28,0.977372
4779,22,0.968796
330,23,0.991128
1702,28,0.798571
5937,28,0.887308
5816,1,0.896021
3454,4,0.95918
629,4,0.990536
5215,23,1.0
1846,28,0.996552
2730,20,0.909703
5707,23,0.735958
3563,6,0.986244
5916,22,0.463887
3680,17,0.565876
3411,6,0.99987
420,28,0.638672
5182,28,0.538928
4715,16,0.959315
54,28,0.725289
5985,28,0.359241
2292,26,0.881655
5090,4,0.960155
5466,28,0.54463
1833,6,0.999092
5030,27,1.0
1644,28,0.999999
1481,4,0.999861
2347,28,0.607799
5801,27,0.966329
3502,26,0.89147
484,23,0.867668
4819,28,0.984303
2241,1,0.803257
3180,29,0.607942
2510,7,0.956604
1842,1,0.998354
4914,5,0.900643
141,16,0.998528
1699,28,0.982816
46,28,0.873199
5844,28,0.813952
5730,6,0.774283
5395,28,0.99344
5697,5,0.999642
2518,28,0.999825
616,29,0.395516
2883,18,0.997401
5932,11,0.97577
559,12,0.894941
2047,6,0.916622
1363,28,0.653689
1064,17,0.690895
3631,7,0.750934
515,22,0.837048
1694,28,0.692493
4885,28,0.983487
78,5,0.572756
5735,26,0.999146
2796,22,0.967147
660,29,0.939887
4662,28,0.520355
91,28,0.980941
3493,28,0.938153
2493,12,0.998218
3576,1,0.616362
2196,23,0.508183
3128,28,0.207976
1291,18,0.951334
2790,5,0.999869
2998,5,0.493541
5093,28,0.999982
1892,28,0.867674
4154,28,0.518578
1667,12,0.993432
1883,6,0.653116
2353,6,0.969135
748,1,0.999204
4323,22,1.0
1506,28,0.731255
3301,26,0.937489
2165,6,0.98114
2344,6,0.832806
1284,6,0.996675
550,28,0.961965
1611,28,0.990578
3083,12,0.99466
2307,28,0.770061
5749,30,0.958643
4554,28,0.843448
3061,12,0.360193
5507,12,0.962616
3100,28,0.535423
3334,6,0.9992
5952,5,0.991292
1371,6,0.578676
1941,26,0.997794
3677,5,0.953531
5208,28,0.979441
5046,12,0.921277
5451,28,0.997403
5720,5,0.897795
2266,5,0.903156
3331,6,0.988798
159,20,0.961312
1664,28,0.971092
4513,28,0.999671
4700,28,0.999726
3943,30,0.532445
3056,6,0.978533
3893,28,0.934048
5089,20,0.740096
5012,16,0.999031
1679,28,0.999747
1955,28,0.257029
2094,9,0.419674
4893,18,0.990332
245,28,0.802871
5218,28,0.955448
2912,30,0.998238
2417,5,0.382836
5103,27,0.985554
1439,4,0.840355
1790,6,0.990238
246,6,0.99807
886,1,0.662547
4739,30,0.998112
4356,6,1.0
5014,16,0.977058
2639,23,0.979549
5260,11,0.997861
4550,28,0.999962
1077,28,0.968554
725,6,0.661468
2815,28,0.991232
5500,8,0.554645
4681,28,0.572831
3022,6,0.912459
5637,28,0.893434
3917,28,0.999974
678,22,0.802488
3143,11,0.999771
2662,22,0.524197
3584,26,0.998616
118,28,0.650071
5602,17,0.963627
300,28,0.9997
201,22,0.982878
1659,28,0.502797
316,27,0.652891
5824,25,0.999887
5122,28,0.991337
157,11,0.999686
1672,28,0.740879
1768,11,0.733652
3206,26,0.997693
4916,17,0.914015
2198,28,0.728108
5808,28,0.701563
2842,6,0.83861
4967,6,0.530677
3647,21,0.874283
776,28,0.892693
673,26,0.953961
5204,16,0.999957
2107,26,0.998816
1647,6,0.526524
2336,28,0.999956
5417,28,0.993839
4524,28,0.990975
3496,1,0.99906
375,28,0.99709
5067,22,0.52169
4033,4,0.999631
630,28,0.988745
2858,6,1.0
2324,28,0.758302
2013,20,0.993888
2994,6,0.963065
4087,29,0.911462
5200,27,0.752704
3690,29,0.474053
3321,30,0.99728
827,6,0.999965
4767,28,0.984418
842,28,0.99554
5991,17,0.871723
5039,28,0.79543
5253,6,0.881505
1929,6,0.836683
3274,11,0.94657
4826,11,0.535464
1432,6,0.983684
5914,28,0.866194
5575,29,0.957999
2104,22,0.875178
764,16,0.961978
5555,28,0.847263
2087,28,0.684415
4555,6,0.904239
3033,11,0.494859
2335,6,0.999995
4096,22,0.963438
3262,6,0.886291
5581,28,0.956737
1244,18,0.886782
2506,6,0.620047
3767,30,0.988802
1256,28,0.997191
3586,5,0.999974
5869,6,0.999994
2800,28,0.629731
5438,6,0.99915
1393,1,0.995703
1926,17,0.999836
1969,5,0.649427
5607,5,0.626562
4441,28,0.981873
4349,28,0.924768
3342,17,0.98167
3047,6,0.994103
3176,28,0.387773
5339,21,0.293521
3269,28,0.966744
3219,6,0.995797
3529,5,0.962146
1009,30,0.829853
3162,23,0.783931
121,30,0.999737
1843,28,0.99498
3844,28,0.996925
496,22,0.99999
4924,28,0.679892
4079,26,0.96893
3088,12,0.711036
667,8,0.9764
2943,28,0.798213
4982,26,0.960807
3708,11,0.861179
2029,28,0.969549
5126,4,0.422021
2767,18,0.999883
5803,28,0.574838
4065,28,0.979191
4070,29,0.422835
3938,28,0.914183
4407,30,0.978153
5738,6,0.946827
902,4,0.493235
3282,28,0.865209
5234,29,0.33014
954,8,0.726098
4565,29,0.548365
5747,28,0.857741
3471,28,0.975706
1476,28,0.993262
3433,22,0.995638
1511,28,0.93541
2244,28,0.729415
2819,20,0.901184
729,26,0.919762
2807,28,0.958718
3655,26,0.999731
5375,28,0.999976
3534,28,0.959788
1940,12,0.984412
1274,4,0.825834
1579,29,0.437503
3335,11,0.973955
3237,26,0.927094
2530,12,0.875458
829,30,0.934798
1932,28,0.989369
3142,4,0.979678
631,6,0.583151
1960,28,0.942566
1183,22,0.977311
3987,28,0.999344
5641,6,0.801467
2105,26,0.934319
3196,28,0.99968
1408,28,0.959625
128,5,0.999769
5023,6,0.997599
3202,28,0.972721
2174,28,0.930528
2370,28,0.68727
5100,6,0.676329
240,28,0.985243
5572,4,0.941203
1767,6,0.947131
4118,7,0.98415
3361,12,0.74545
3218,6,0.790753
3216,11,0.95742
302,28,0.905171
2761,7,0.606412
4627,3,0.640625
3148,14,0.924913
1787,11,0.596059
3130,3,0.908987
828,21,0.981677
1542,3,0.999044
2229,16,0.998417
1504,22,0.624918
1232,12,0.590905
3593,11,0.951393
4844,28,0.996009
5250,28,0.772726
3279,27,0.819057
5773,6,0.582691
617,28,0.646991
1726,26,0.489891
285,28,0.889785
4241,9,0.68381
3950,26,0.998385
1639,29,0.990576
5178,28,0.773121
5809,28,0.999904
3254,1,0.937443
4631,11,0.557154
36,28,0.992464
320,12,0.971469
1586,11,0.952373
291,8,0.98981
2161,22,0.985728
4784,28,0.996249
1571,28,0.529893
2499,1,0.418708
5273,28,0.677252
457,6,0.999529
3031,6,0.999877
7,20,0.965111
5001,26,0.999992
267,28,0.999643
1039,28,0.971527
3520,28,0.99971
4032,29,0.967328
3302,28,0.656055
806,28,0.931781
4928,29,0.943079
5311,11,0.7348
561,28,0.993763
2560,5,0.833754
2516,28,0.864047
4072,21,0.803379
1154,28,0.807699
1087,8,0.868034
2606,28,0.500313
4185,26,0.96401
3242,6,0.999998
3851,28,0.895685
3894,26,0.607419
614,27,0.709104
1620,28,0.419219
1966,26,0.999866
4028,28,0.99638
4778,19,1.0
3363,28,0.530591
5630,11,0.897806
3714,12,0.953786
137,28,0.973347
2594,28,0.627973
5644,18,0.571298
4824,28,0.629466
5201,28,0.999174
5525,5,0.985988
4235,28,0.99717
3432,4,0.611167
5450,18,0.999593
2464,28,0.457954
3762,28,0.643821
4269,29,0.904548
3419,26,0.944913
5961,28,0.961312
3032,28,0.768448
937,4,0.9873
2194,28,0.899922
5496,29,0.999999
738,28,0.965771
2199,28,0.901088
2993,28,0.802615
1596,26,0.999938
4624,28,0.999854
5928,26,0.999931
3745,28,0.760441
376,6,0.9259
1342,16,0.964975
5035,18,0.993623
361,23,0.884762
510,6,0.726321
1945,28,0.575927
1810,6,0.31921
5594,28,0.720519
2678,29,0.990628
1073,5,0.829801
4432,28,0.897391
2038,18,0.881316
5457,6,0.310707
567,11,0.999998
3671,1,0.848658
850,17,0.760345
5615,28,0.99074
4310,30,0.889376
4319,1,0.786413
1381,21,0.765183
3297,6,0.929805
5131,28,0.62859
1634,28,0.999307
4521,28,0.932293
3732,20,0.994711
1784,28,0.900715
2811,23,0.210936
1253,11,0.491073
3799,27,0.988793
2401,28,0.506404
162,12,0.985272
2849,28,0.813067
3539,8,0.726648
3693,23,0.470102
3484,3,0.863758
4838,28,0.9994
2015,28,1.0
1609,28,0.786494
2474,12,0.752594
3915,20,0.978806
5904,6,0.942236
1914,6,0.998094
2231,28,0.996311
820,28,0.87548
1813,26,0.913067
1778,22,0.532625
5783,6,0.765423
1186,8,0.985734
3183,12,0.599723
1870,28,0.977878
1261,7,0.396939
3969,28,0.999986
4890,22,0.999621
1961,5,0.821685
1845,21,0.999267
3768,28,0.959933
2069,28,0.446506
5650,17,0.999931
2758,6,0.774262
949,28,0.833424
3154,6,0.944339
2170,20,0.870772
1485,6,0.783983
97,11,0.994017
1484,28,0.937583
769,28,0.911827
1493,28,0.999396
2704,1,0.79584
2298,12,0.4742
2200,28,0.721356
5696,28,0.593878
3046,26,0.998894
1404,20,0.921241
492,28,0.719814
1078,28,0.999674
3902,28,0.570202
5301,6,0.725256
23,11,0.910979
5049,6,0.907081
2765,21,0.997187
30,6,0.927163
3678,6,0.989236
5691,20,0.762052
3207,28,0.998699
5209,22,0.9843
5404,4,0.774183
754,28,0.703844
64,6,0.950904
5537,28,0.764327
1241,23,0.999873
1548,28,0.985252
4830,30,0.996938
5130,6,0.961471
2577,29,0.718229
5708,6,0.602912
3247,29,0.816216
3150,6,0.907415
1574,6,0.999549
2638,6,0.922004
3904,6,0.988803
2931,28,0.478947
4737,6,0.816343
1512,28,0.994077
1628,22,0.517112
1350,12,0.977775
4750,29,0.999995
1104,27,0.909947
983,6,0.990586
4017,6,0.804643
4609,26,0.99989
1891,28,0.587609
2711,26,0.997089
167,28,0.336027
4807,27,0.999825
2736,28,0.998302
3459,5,0.914356
2987,7,1.0
4399,6,1.0
1467,28,0.9959
3292,22,0.546374
4405,4,0.999916
1400,22,0.748187
3504,6,0.913515
4777,5,0.995657
3284,1,0.627929
451,5,0.742599
1731,11,0.76982
3041,6,0.99982
4088,28,0.848842
3038,28,0.533411
3251,27,0.996629
4352,28,0.989223
2693,21,1.0
3042,28,0.995428
2709,18,0.802578
1991,28,0.964328
683,28,0.648941
3213,18,0.928727
4011,28,0.5295
734,28,0.999516
2955,5,0.534845
4851,11,0.613094
3249,20,0.886912
1088,11,0.993513
3686,28,0.996924
3961,11,0.481652
1093,11,0.972014
1221,6,0.981188
1112,28,0.591466
2121,28,0.6861
2225,8,0.396765
2509,28,0.791418
593,30,0.872063
2964,21,0.627628
3421,28,0.982967
1972,11,0.722352
293,28,0.915907
718,20,0.996125
70,28,0.949802
4769,6,0.999993
5969,28,0.998683
3540,28,0.485344
67,21,1.0
4989,28,0.988201
440,26,0.811423
4997,14,0.886285
3105,28,0.76908
2400,11,0.549185
1428,4,0.744793
866,28,0.963808
5034,28,0.710208
465,6,0.999995
2930,28,0.892948
4484,29,0.835627
1424,23,0.992669
4453,28,0.926668
88,23,0.94469
3442,9,0.313646
1372,29,0.664745
2584,6,0.428409
890,6,0.930204
2582,6,0.977402
2785,6,0.946755
5848,6,0.996222
1834,23,0.404847
3657,12,0.952106
4870,16,0.999087
2571,6,0.487511
185,6,0.869057
173,28,0.555185
2189,6,0.99995
5043,5,0.995105
3217,28,0.433975
1168,21,0.985391
5386,6,0.993891
3641,5,0.76963
5228,5,0.825847
1202,24,0.752698
1185,5,0.981846
2367,28,0.369256
5811,28,0.602317
599,6,0.904737
847,28,0.571933
1807,6,0.998699
3348,11,0.905286
5706,29,0.995853
1669,28,0.699782
220,6,0.424977
1214,9,0.952473
1765,22,0.917157
3319,27,0.561132
645,18,0.26945
2187,11,0.994161
665,28,0.87081
5931,20,0.989051
713,5,0.999972
3876,28,0.662459
5186,29,0.783523
3923,28,0.690623
3447,6,0.930166
1050,6,0.999961
3434,28,0.957312
5947,26,0.673792
2448,3,0.731572
4971,1,0.996617
1397,28,0.999999
305,28,0.999157
2870,28,0.861166
106,6,0.581217
4543,4,0.638078
4527,6,0.790745
2258,28,0.799773
4109,28,0.998594
2789,28,0.961269
20,28,0.457026
5600,7,0.935455
1909,7,0.999986
5379,11,0.991563
4708,28,0.988434
1786,28,0.42287
114,6,0.998018
4005,6,0.955258
2147,30,0.915486
1443,28,0.971376
5519,6,0.94683
4254,28,0.8135
4701,11,0.999922
2576,11,0.563358
3188,28,0.97369
1044,28,0.558623
3724,28,1.0
1288,28,0.935372
4292,28,0.977967
1978,21,0.990901
4143,23,0.936999
2794,5,0.864043
4645,11,0.530148
4979,28,0.811152
2629,11,0.994778
2055,28,0.907937
3390,28,0.574057
4030,6,0.76723
4320,6,0.96913
3614,4,0.999741
2808,6,0.970592
394,1,0.877714
3145,28,0.502785
4506,9,0.900511
746,28,0.982947
1277,22,0.882848
4316,17,0.991573
5609,26,0.998887
1106,6,0.9852
1142,28,0.999914
4126,28,0.962068
1349,6,0.990729
3392,26,0.996304
2467,21,0.899809
1020,26,0.451435
4981,11,0.999894
1759,28,0.727545
4564,28,0.936293
1928,28,0.933941
4725,1,0.999993
441,28,0.978675
357,28,0.999997
350,22,0.995877
5266,28,0.514582
2522,28,0.80966
3616,18,0.980687
1691,7,0.930288
1062,28,0.65689
4052,6,0.999996
3119,28,0.995909
2813,28,0.997029
4556,6,0.800806
3656,6,0.895164
342,5,0.993155
5518,6,0.99198
3919,6,0.98268
2702,12,1.0
570,26,0.989388
3798,28,0.862982
1662,28,0.994774
5702,6,0.605235
1491,4,0.404295
3167,7,0.997759
5759,22,0.561662
4579,6,0.843966
1854,28,0.499041
499,8,0.513144
309,9,0.708372
4363,28,0.999203
2565,6,0.993497
5240,11,0.844353
5543,28,0.98772
4485,28,0.997707
3808,26,0.537058
82,28,0.981491
4942,28,0.875688
3691,28,0.787832
4318,28,0.999924
3168,6,0.997577
4283,6,0.999913
5199,28,1.0
4080,28,0.993664
5513,28,0.99751
3024,6,0.305276
321,29,0.999717
4286,26,0.999057
1105,17,0.458166
5172,26,0.933208
2093,11,0.799128
5461,28,0.792648
2953,17,0.559442
4313,8,0.999911
2406,28,0.960259
5132,14,0.852575
5119,18,0.976268
3095,21,0.911085
2601,28,0.458578
513,1,0.673828
4035,7,0.999628
907,6,0.980546
2834,12,0.999462
4526,28,0.999853
2447,28,0.927635
2049,28,0.668993
3934,4,0.349706
1735,6,0.999987
5151,6,0.470727
3716,22,0.9981
1989,28,0.977887
1005,22,0.716255
3874,6,0.388738
1526,29,0.998917
520,6,0.996221
5073,28,0.385234
1403,6,0.998108
1209,12,0.482636
413,28,0.99976
2454,4,0.592146
1936,26,0.81049
5623,26,0.980634
1837,5,0.998493
3064,6,0.997219
4158,28,0.953264
3662,28,0.601591
3074,28,0.985166
232,28,0.99203
4597,6,0.997801
5142,28,0.997672
4963,12,0.467361
5859,28,0.611936
4438,6,0.773924
680,28,0.760021
4197,28,0.873569
3491,28,0.836656
2030,4,0.468961
1080,7,1.0
1396,28,0.947849
3020,5,0.715566
491,11,0.990806
4738,12,0.955606
5813,28,0.839134
4395,26,0.856882
5124,26,0.997293
2553,5,0.908712
3271,17,0.907899
3238,4,0.601438
4728,12,0.999958
4723,11,0.681049
1488,9,0.79521
5317,12,0.792685
4244,4,0.846463
4629,6,0.954297
1997,26,0.945376
2384,28,0.984381
3570,11,0.999848
1529,28,0.94452
255,27,0.998152
1146,1,0.599491
4124,28,0.752859
2160,26,0.99646
5472,26,0.998024
4646,26,0.769356
5312,30,0.995288
753,28,0.991001
2769,28,0.994709
5499,11,0.707225
1705,30,0.770656
2155,26,0.999892
3305,20,0.608768
4913,26,0.99948
1864,28,0.993151
5458,23,0.999503
3417,22,0.983802
1832,28,0.937746
1004,29,0.966881
